Instrument,Account,Market pos.,Quantity,Entry price,Exit price,Entry time,Exit time,Profit,Commission
NQ 03-25,SIM101,Long,2,4957.71,4981.96,2025-01-02 07:10:00,2025-01-02 09:11:00,-245.44,6.27
NQ 03-25,SIM101,Short,2,5026.11,4980.92,2025-01-02 10:20:00,2025-01-02 12:23:00,-164.27,2.09
ES 03-25,SIM101,Short,2,4910.35,4992.68,2025-01-02 13:12:00,2025-01-02 15:23:00,-216.72,8.36
NQ 03-25,SIM101,Long,1,4982.26,4946.17,2025-01-02 13:57:00,2025-01-02 15:50:00,413.43,2.09
CL 03-25,SIM101,Short,2,4947.41,5021.83,2025-01-03 07:46:00,2025-01-03 09:49:00,285.57,8.36
ES 03-25,SIM101,Long,3,5013.79,4982.5,2025-01-03 09:14:00,2025-01-03 12:48:00,514.45,6.27
CL 03-25,SIM101,Long,1,5000.39,5005.79,2025-01-03 14:31:00,2025-01-03 16:08:00,115.54,2.09
GC 03-25,SIM101,Short,1,4996.08,5041.13,2025-01-03 19:17:00,2025-01-03 19:20:00,150.18,6.27
ES 03-25,SIM101,Long,3,4999.61,4972.53,2025-01-06 10:30:00,2025-01-06 13:29:00,483.02,4.18
ES 03-25,SIM101,Long,1,4990.52,4977.1,2025-01-06 14:32:00,2025-01-06 15:20:00,-42.13,2.09
NQ 03-25,SIM101,Long,1,5079.39,4932.35,2025-01-06 19:12:00,2025-01-06 22:09:00,-483.57,8.36
ES 03-25,SIM101,Short,2,4985.7,5027.24,2025-01-06 19:14:00,2025-01-06 19:54:00,38.67,8.36
ES 03-25,SIM101,Short,2,4956.84,4977.0,2025-01-07 07:14:00,2025-01-07 09:23:00,270.04,8.36
ES 03-25,SIM101,Short,1,5002.47,5028.48,2025-01-07 09:36:00,2025-01-07 11:52:00,38.63,8.36
GC 03-25,SIM101,Long,3,4936.39,4992.26,2025-01-07 11:12:00,2025-01-07 12:50:00,-573.49,6.27
NQ 03-25,SIM101,Short,3,4955.06,4974.29,2025-01-07 13:54:00,2025-01-07 14:20:00,-205.93,8.36
GC 03-25,SIM101,Short,2,5041.06,4961.8,2025-01-08 03:22:00,2025-01-08 04:31:00,115.19,8.36
CL 03-25,SIM101,Long,2,5007.13,5043.79,2025-01-08 07:35:00,2025-01-08 08:58:00,-384.53,8.36
NQ 03-25,SIM101,Long,2,4995.31,5021.99,2025-01-08 14:12:00,2025-01-08 16:32:00,-474.38,6.27
ES 03-25,SIM101,Short,1,5045.6,5038.2,2025-01-08 21:19:00,2025-01-08 23:15:00,570.35,8.36
ES 03-25,SIM101,Long,2,4961.51,4993.68,2025-01-09 07:56:00,2025-01-09 11:49:00,-345.74,6.27
NQ 03-25,SIM101,Short,3,4922.73,4940.8,2025-01-09 07:57:00,2025-01-09 11:18:00,45.95,4.18
ES 03-25,SIM101,Short,3,5042.54,4991.42,2025-01-09 13:55:00,2025-01-09 17:38:00,-475.62,4.18
ES 03-25,SIM101,Long,3,4989.19,5022.13,2025-01-09 15:43:00,2025-01-09 18:15:00,702.66,4.18
NQ 03-25,SIM101,Long,3,5100.56,5025.41,2025-01-10 13:12:00,2025-01-10 17:07:00,-159.5,4.18
CL 03-25,SIM101,Long,2,4934.66,5033.4,2025-01-10 13:35:00,2025-01-10 14:00:00,-40.85,6.27
GC 03-25,SIM101,Short,2,5002.88,5041.09,2025-01-10 14:55:00,2025-01-10 18:01:00,856.62,8.36
NQ 03-25,SIM101,Long,3,4977.0,5036.19,2025-01-10 19:11:00,2025-01-10 23:05:00,-406.75,4.18
NQ 03-25,SIM101,Long,3,5009.65,5064.84,2025-01-13 10:03:00,2025-01-13 11:31:00,-64.93,6.27
CL 03-25,SIM101,Short,2,4996.51,4928.64,2025-01-13 13:31:00,2025-01-13 16:54:00,34.87,6.27
NQ 03-25,SIM101,Long,3,4985.41,5026.48,2025-01-13 15:12:00,2025-01-13 18:40:00,-130.1,8.36
NQ 03-25,SIM101,Short,1,5063.7,5025.1,2025-01-13 21:21:00,2025-01-14 00:24:00,752.69,8.36
ES 03-25,SIM101,Long,2,5045.17,5032.54,2025-01-14 10:06:00,2025-01-14 13:57:00,92.57,2.09
NQ 03-25,SIM101,Short,2,5016.02,5004.71,2025-01-14 13:26:00,2025-01-14 15:59:00,403.85,8.36
ES 03-25,SIM101,Long,1,5027.91,4970.5,2025-01-14 13:49:00,2025-01-14 14:15:00,55.82,2.09
CL 03-25,SIM101,Long,1,5014.75,5010.27,2025-01-14 15:58:00,2025-01-14 18:09:00,735.09,2.09
GC 03-25,SIM101,Short,2,4927.65,5031.44,2025-01-15 03:26:00,2025-01-15 06:12:00,-270.5,8.36
GC 03-25,SIM101,Short,2,4965.7,5004.8,2025-01-15 03:38:00,2025-01-15 04:53:00,9.51,4.18
CL 03-25,SIM101,Short,1,5014.73,5043.71,2025-01-15 14:42:00,2025-01-15 16:32:00,692.11,4.18
GC 03-25,SIM101,Short,1,5008.77,5037.6,2025-01-15 21:01:00,2025-01-16 00:40:00,-254.68,8.36
CL 03-25,SIM101,Long,3,5072.34,4916.64,2025-01-16 09:08:00,2025-01-16 12:02:00,598.6,6.27
CL 03-25,SIM101,Short,2,4970.03,5093.99,2025-01-16 11:28:00,2025-01-16 12:28:00,-253.1,2.09
CL 03-25,SIM101,Long,2,4994.78,4957.17,2025-01-16 15:23:00,2025-01-16 17:59:00,112.63,4.18
ES 03-25,SIM101,Short,2,5002.55,5098.49,2025-01-16 19:46:00,2025-01-16 21:04:00,665.91,2.09
ES 03-25,SIM101,Short,2,5010.84,5031.71,2025-01-17 10:41:00,2025-01-17 12:52:00,-107.79,2.09
NQ 03-25,SIM101,Long,2,5052.29,4976.57,2025-01-17 11:09:00,2025-01-17 14:45:00,-92.38,4.18
ES 03-25,SIM101,Short,2,4965.42,5012.72,2025-01-17 19:27:00,2025-01-17 21:44:00,-240.28,8.36
CL 03-25,SIM101,Long,1,5043.69,4997.32,2025-01-17 21:11:00,2025-01-17 23:35:00,184.4,2.09
ES 03-25,SIM101,Short,3,5017.33,5024.8,2025-01-20 10:52:00,2025-01-20 13:01:00,591.02,8.36
NQ 03-25,SIM101,Short,3,4940.47,4944.01,2025-01-20 15:08:00,2025-01-20 15:42:00,-87.94,6.27
CL 03-25,SIM101,Long,3,4946.49,4987.85,2025-01-20 15:41:00,2025-01-20 16:27:00,408.77,6.27
ES 03-25,SIM101,Long,3,4996.58,4905.06,2025-01-20 19:26:00,2025-01-20 21:38:00,-108.21,8.36
ES 03-25,SIM101,Short,2,5074.32,4999.93,2025-01-21 03:08:00,2025-01-21 06:14:00,425.02,4.18
CL 03-25,SIM101,Long,3,5016.38,4979.77,2025-01-21 03:09:00,2025-01-21 06:50:00,-281.97,8.36
NQ 03-25,SIM101,Long,2,5026.06,4955.31,2025-01-21 13:01:00,2025-01-21 16:25:00,135.7,2.09
NQ 03-25,SIM101,Long,2,5014.35,4958.95,2025-01-21 14:13:00,2025-01-21 16:07:00,-126.83,6.27
ES 03-25,SIM101,Long,3,4951.13,4992.55,2025-01-22 03:08:00,2025-01-22 04:39:00,-403.45,8.36
CL 03-25,SIM101,Short,1,4973.97,4975.87,2025-01-22 15:02:00,2025-01-22 18:14:00,155.85,4.18
GC 03-25,SIM101,Short,3,4933.61,4993.04,2025-01-22 19:37:00,2025-01-22 22:52:00,-430.0,8.36
CL 03-25,SIM101,Short,2,5035.99,4979.19,2025-01-22 21:43:00,2025-01-23 00:11:00,-344.5,8.36
CL 03-25,SIM101,Long,1,4983.09,4976.75,2025-01-23 03:05:00,2025-01-23 04:17:00,-484.95,6.27
CL 03-25,SIM101,Long,2,5053.24,4973.36,2025-01-23 07:35:00,2025-01-23 09:58:00,-305.71,6.27
CL 03-25,SIM101,Long,2,4996.84,5042.56,2025-01-23 09:16:00,2025-01-23 11:51:00,392.15,6.27
CL 03-25,SIM101,Short,2,4939.93,4984.02,2025-01-23 10:37:00,2025-01-23 10:55:00,97.55,2.09
ES 03-25,SIM101,Short,3,4983.13,4999.05,2025-01-24 09:30:00,2025-01-24 09:46:00,538.4,2.09
GC 03-25,SIM101,Long,3,5042.35,5029.21,2025-01-24 13:02:00,2025-01-24 16:33:00,-67.23,6.27
GC 03-25,SIM101,Short,2,4987.19,5052.54,2025-01-24 13:26:00,2025-01-24 15:26:00,-476.06,2.09
GC 03-25,SIM101,Short,1,5003.4,4943.03,2025-01-24 21:05:00,2025-01-24 21:52:00,88.74,4.18
CL 03-25,SIM101,Short,2,4936.35,4985.85,2025-01-27 07:23:00,2025-01-27 09:43:00,-52.82,2.09
ES 03-25,SIM101,Short,2,4984.6,4961.37,2025-01-27 14:02:00,2025-01-27 17:33:00,448.08,8.36
ES 03-25,SIM101,Short,3,5031.34,5007.13,2025-01-27 14:16:00,2025-01-27 16:46:00,256.16,4.18
CL 03-25,SIM101,Short,3,4996.15,5006.8,2025-01-27 21:24:00,2025-01-28 00:33:00,-227.31,4.18
NQ 03-25,SIM101,Short,2,5009.28,4932.8,2025-01-28 09:02:00,2025-01-28 11:28:00,651.84,4.18
GC 03-25,SIM101,Long,3,5011.9,4959.38,2025-01-28 11:54:00,2025-01-28 13:37:00,-122.87,6.27
NQ 03-25,SIM101,Long,3,4967.58,4967.76,2025-01-28 15:06:00,2025-01-28 16:57:00,-212.4,6.27
GC 03-25,SIM101,Long,3,5003.01,5036.26,2025-01-28 19:26:00,2025-01-28 20:15:00,-141.92,8.36
CL 03-25,SIM101,Long,1,4997.19,4914.29,2025-01-29 03:10:00,2025-01-29 05:08:00,-154.98,2.09
GC 03-25,SIM101,Long,1,4971.8,5021.0,2025-01-29 07:31:00,2025-01-29 10:28:00,-230.17,6.27
ES 03-25,SIM101,Long,3,5073.68,5000.88,2025-01-29 15:42:00,2025-01-29 19:33:00,-506.57,6.27
NQ 03-25,SIM101,Short,3,5067.74,4975.96,2025-01-29 19:18:00,2025-01-29 20:52:00,77.66,8.36
GC 03-25,SIM101,Short,2,5056.3,5006.03,2025-01-30 03:23:00,2025-01-30 04:59:00,-505.24,6.27
CL 03-25,SIM101,Short,2,4998.03,4971.29,2025-01-30 10:33:00,2025-01-30 12:42:00,56.04,4.18
CL 03-25,SIM101,Long,3,4937.22,5076.67,2025-01-30 15:08:00,2025-01-30 17:02:00,785.62,2.09
CL 03-25,SIM101,Long,3,5032.86,5003.35,2025-01-30 15:32:00,2025-01-30 18:52:00,-275.91,6.27
CL 03-25,SIM101,Short,3,4973.17,4980.38,2025-01-31 07:47:00,2025-01-31 09:06:00,-205.78,6.27
GC 03-25,SIM101,Long,1,5033.61,5044.59,2025-01-31 10:59:00,2025-01-31 14:46:00,68.07,4.18
GC 03-25,SIM101,Short,2,4985.03,5002.91,2025-01-31 15:49:00,2025-01-31 18:46:00,11.42,2.09
NQ 03-25,SIM101,Long,3,4972.18,4965.69,2025-01-31 21:21:00,2025-01-31 23:05:00,450.49,4.18
NQ 03-25,SIM101,Long,2,4922.58,4990.82,2025-02-03 15:32:00,2025-02-03 16:33:00,248.3,8.36
CL 03-25,SIM101,Short,2,5013.68,5016.23,2025-02-03 15:33:00,2025-02-03 16:37:00,111.37,8.36
NQ 03-25,SIM101,Long,3,5025.43,5003.23,2025-02-03 19:04:00,2025-02-03 19:18:00,-272.45,2.09
ES 03-25,SIM101,Long,2,5027.84,5010.25,2025-02-03 21:27:00,2025-02-04 00:56:00,-950.81,4.18
NQ 03-25,SIM101,Short,3,5039.86,5010.73,2025-02-04 03:52:00,2025-02-04 05:10:00,-141.69,2.09
GC 03-25,SIM101,Short,1,4932.54,5028.54,2025-02-04 09:06:00,2025-02-04 12:13:00,237.77,6.27
NQ 03-25,SIM101,Short,3,5007.75,4997.82,2025-02-04 14:03:00,2025-02-04 14:16:00,-582.33,2.09
CL 03-25,SIM101,Short,2,5037.85,5073.98,2025-02-04 14:47:00,2025-02-04 16:07:00,148.35,4.18
NQ 03-25,SIM101,Long,2,5045.48,5023.68,2025-02-05 03:06:00,2025-02-05 04:50:00,-243.88,4.18
NQ 03-25,SIM101,Long,2,4934.77,5049.44,2025-02-05 10:15:00,2025-02-05 11:59:00,620.89,4.18
GC 03-25,SIM101,Short,1,5012.82,5001.82,2025-02-05 11:41:00,2025-02-05 13:12:00,744.99,8.36
ES 03-25,SIM101,Short,1,5045.05,4974.08,2025-02-05 21:56:00,2025-02-05 23:03:00,180.75,4.18
ES 03-25,SIM101,Long,1,5029.72,4998.9,2025-02-06 11:00:00,2025-02-06 14:58:00,-615.9,2.09
NQ 03-25,SIM101,Short,2,4964.3,5007.87,2025-02-06 14:08:00,2025-02-06 14:58:00,-413.99,2.09
GC 03-25,SIM101,Short,3,5040.33,4978.69,2025-02-06 19:20:00,2025-02-06 19:35:00,800.36,2.09
ES 03-25,SIM101,Short,3,5013.26,4883.89,2025-02-06 21:51:00,2025-02-06 22:47:00,-239.53,8.36
GC 03-25,SIM101,Long,1,5061.59,4977.95,2025-02-07 09:27:00,2025-02-07 09:57:00,416.92,8.36
ES 03-25,SIM101,Long,1,4973.4,5046.33,2025-02-07 10:00:00,2025-02-07 11:57:00,259.19,4.18
GC 03-25,SIM101,Long,1,5008.28,5063.24,2025-02-07 19:28:00,2025-02-07 23:07:00,-270.33,4.18
CL 03-25,SIM101,Long,1,5002.79,5060.26,2025-02-07 21:31:00,2025-02-07 22:05:00,81.84,6.27
CL 03-25,SIM101,Short,2,5030.08,4985.87,2025-02-10 13:24:00,2025-02-10 17:10:00,-150.55,8.36
CL 03-25,SIM101,Short,2,4943.21,4985.28,2025-02-10 14:07:00,2025-02-10 14:16:00,123.84,6.27
NQ 03-25,SIM101,Short,3,4998.35,5069.11,2025-02-10 15:24:00,2025-02-10 17:20:00,417.87,8.36
NQ 03-25,SIM101,Long,3,4947.49,5029.37,2025-02-10 21:41:00,2025-02-10 22:33:00,195.4,2.09
NQ 03-25,SIM101,Long,2,4992.43,4953.4,2025-02-11 03:48:00,2025-02-11 05:20:00,504.15,8.36
ES 03-25,SIM101,Long,1,4977.49,4956.42,2025-02-11 07:02:00,2025-02-11 09:01:00,1062.98,6.27
GC 03-25,SIM101,Short,1,4998.8,4963.91,2025-02-11 09:01:00,2025-02-11 09:27:00,658.65,4.18
NQ 03-25,SIM101,Long,3,5034.0,4976.04,2025-02-11 13:01:00,2025-02-11 15:03:00,-224.5,8.36
CL 03-25,SIM101,Short,1,5016.16,4903.85,2025-02-12 09:36:00,2025-02-12 10:54:00,157.13,8.36
NQ 03-25,SIM101,Short,1,5021.18,4969.05,2025-02-12 11:34:00,2025-02-12 14:10:00,-343.93,2.09
ES 03-25,SIM101,Short,3,5018.85,4974.91,2025-02-12 13:40:00,2025-02-12 15:36:00,-97.63,4.18
CL 03-25,SIM101,Short,2,4995.75,5026.27,2025-02-12 14:21:00,2025-02-12 16:17:00,-294.63,6.27
GC 03-25,SIM101,Short,2,4974.84,4987.46,2025-02-13 03:00:00,2025-02-13 06:47:00,-265.35,8.36
GC 03-25,SIM101,Long,1,5014.37,4930.68,2025-02-13 09:15:00,2025-02-13 11:54:00,446.87,4.18
CL 03-25,SIM101,Long,3,4928.72,5013.68,2025-02-13 10:15:00,2025-02-13 10:31:00,11.16,2.09
GC 03-25,SIM101,Short,1,5009.83,5037.53,2025-02-13 21:30:00,2025-02-13 22:56:00,19.86,8.36
ES 03-25,SIM101,Long,1,4979.32,5070.14,2025-02-14 07:00:00,2025-02-14 10:21:00,-238.23,2.09
NQ 03-25,SIM101,Long,2,4970.59,5039.16,2025-02-14 07:23:00,2025-02-14 11:04:00,-67.5,6.27
ES 03-25,SIM101,Long,1,5003.51,5035.49,2025-02-14 10:42:00,2025-02-14 12:34:00,-72.11,6.27
CL 03-25,SIM101,Long,2,5004.38,5069.94,2025-02-14 15:50:00,2025-02-14 18:29:00,-384.22,2.09
GC 03-25,SIM101,Long,3,4955.6,4951.03,2025-02-17 09:50:00,2025-02-17 11:25:00,79.07,6.27
NQ 03-25,SIM101,Long,1,4999.44,5072.25,2025-02-17 14:03:00,2025-02-17 17:25:00,316.47,4.18
NQ 03-25,SIM101,Long,1,5022.38,5075.3,2025-02-17 14:17:00,2025-02-17 14:33:00,162.08,2.09
NQ 03-25,SIM101,Long,2,4971.18,4971.33,2025-02-17 19:46:00,2025-02-17 21:00:00,372.66,2.09
NQ 03-25,SIM101,Short,2,5029.17,5046.48,2025-02-18 09:01:00,2025-02-18 09:31:00,504.78,4.18
GC 03-25,SIM101,Short,3,4941.41,4946.07,2025-02-18 09:06:00,2025-02-18 09:52:00,408.18,8.36
CL 03-25,SIM101,Short,2,4964.87,5117.98,2025-02-18 14:30:00,2025-02-18 18:26:00,130.07,8.36
NQ 03-25,SIM101,Short,3,5028.98,5035.95,2025-02-18 15:43:00,2025-02-18 16:21:00,149.73,4.18
CL 03-25,SIM101,Long,2,4989.07,5001.25,2025-02-19 10:08:00,2025-02-19 11:21:00,-83.41,8.36
NQ 03-25,SIM101,Long,1,4977.33,4964.27,2025-02-19 15:21:00,2025-02-19 16:20:00,-255.92,6.27
NQ 03-25,SIM101,Short,1,5020.34,5006.32,2025-02-19 19:12:00,2025-02-19 22:05:00,92.21,8.36
NQ 03-25,SIM101,Long,1,5030.23,5031.85,2025-02-19 21:12:00,2025-02-19 21:30:00,134.48,8.36
CL 03-25,SIM101,Long,2,4997.86,5003.19,2025-02-20 09:05:00,2025-02-20 11:47:00,1640.08,6.27
NQ 03-25,SIM101,Short,3,5014.82,5046.51,2025-02-20 09:19:00,2025-02-20 11:04:00,146.68,4.18
CL 03-25,SIM101,Long,1,5002.73,5015.4,2025-02-20 10:33:00,2025-02-20 10:40:00,301.47,4.18
CL 03-25,SIM101,Short,1,4977.18,4980.42,2025-02-20 13:39:00,2025-02-20 17:03:00,-142.01,2.09
GC 03-25,SIM101,Long,3,5010.47,5044.01,2025-02-21 03:32:00,2025-02-21 05:43:00,165.25,8.36
GC 03-25,SIM101,Short,2,4989.09,5127.56,2025-02-21 07:40:00,2025-02-21 10:26:00,-33.79,8.36
ES 03-25,SIM101,Long,2,4915.64,4917.21,2025-02-21 09:53:00,2025-02-21 13:34:00,767.43,6.27
CL 03-25,SIM101,Short,3,4978.83,5004.58,2025-02-21 21:05:00,2025-02-21 21:29:00,-190.25,8.36
NQ 03-25,SIM101,Long,3,5020.33,5042.66,2025-02-24 09:06:00,2025-02-24 09:44:00,372.1,4.18
ES 03-25,SIM101,Long,1,5001.32,4977.03,2025-02-24 14:46:00,2025-02-24 15:11:00,-29.12,6.27
GC 03-25,SIM101,Long,2,4998.47,4958.81,2025-02-24 19:19:00,2025-02-24 20:35:00,-130.79,4.18
GC 03-25,SIM101,Long,2,4974.29,4972.0,2025-02-24 21:03:00,2025-02-24 21:17:00,-46.8,6.27
ES 03-25,SIM101,Long,1,4937.61,5007.62,2025-02-25 14:28:00,2025-02-25 18:02:00,-516.65,4.18
GC 03-25,SIM101,Short,1,4959.06,4958.22,2025-02-25 14:35:00,2025-02-25 16:11:00,740.47,2.09
NQ 03-25,SIM101,Short,1,4944.2,4928.95,2025-02-25 19:41:00,2025-02-25 21:49:00,-63.41,8.36
ES 03-25,SIM101,Long,3,4936.78,4943.7,2025-02-25 21:41:00,2025-02-25 23:25:00,160.2,2.09
GC 03-25,SIM101,Long,1,5018.0,5009.28,2025-02-26 13:09:00,2025-02-26 16:54:00,692.97,8.36
ES 03-25,SIM101,Short,2,4979.62,4992.81,2025-02-26 15:52:00,2025-02-26 17:32:00,-79.94,2.09
GC 03-25,SIM101,Long,3,4949.01,5038.6,2025-02-26 19:31:00,2025-02-26 20:55:00,-213.93,4.18
ES 03-25,SIM101,Long,1,5018.14,5004.83,2025-02-26 21:12:00,2025-02-27 00:52:00,-179.49,4.18
NQ 03-25,SIM101,Short,3,5031.15,4952.86,2025-02-27 03:20:00,2025-02-27 04:55:00,183.84,8.36
GC 03-25,SIM101,Long,2,4938.78,4971.12,2025-02-27 03:33:00,2025-02-27 06:06:00,-407.55,4.18
CL 03-25,SIM101,Short,1,5025.78,4965.55,2025-02-27 07:46:00,2025-02-27 09:02:00,-204.9,4.18
CL 03-25,SIM101,Long,1,4947.97,5032.6,2025-02-27 19:49:00,2025-02-27 23:33:00,-107.1,2.09
ES 03-25,SIM101,Short,1,5102.48,4995.64,2025-02-28 03:32:00,2025-02-28 05:38:00,-104.67,2.09
ES 03-25,SIM101,Long,1,5012.58,4991.62,2025-02-28 07:03:00,2025-02-28 10:36:00,-91.15,4.18
NQ 03-25,SIM101,Long,3,4917.6,5011.68,2025-02-28 07:54:00,2025-02-28 09:07:00,-619.16,4.18
GC 03-25,SIM101,Long,3,5046.14,5022.04,2025-02-28 10:57:00,2025-02-28 14:11:00,34.88,8.36
ES 03-25,SIM101,Short,2,4959.15,4970.59,2025-03-03 09:06:00,2025-03-03 10:38:00,76.24,2.09
ES 03-25,SIM101,Short,3,5017.37,4941.99,2025-03-03 09:27:00,2025-03-03 09:39:00,1119.76,6.27
ES 03-25,SIM101,Long,1,5069.0,4995.36,2025-03-03 10:42:00,2025-03-03 14:15:00,-73.4,6.27
ES 03-25,SIM101,Long,3,5038.31,4980.9,2025-03-03 21:29:00,2025-03-04 01:13:00,-52.49,2.09
NQ 03-25,SIM101,Short,1,4934.15,5014.1,2025-03-04 07:19:00,2025-03-04 09:14:00,177.17,6.27
GC 03-25,SIM101,Long,1,5004.44,4945.09,2025-03-04 07:58:00,2025-03-04 09:59:00,-85.36,6.27
CL 03-25,SIM101,Long,2,4973.91,5055.73,2025-03-04 13:06:00,2025-03-04 15:43:00,-731.08,8.36
NQ 03-25,SIM101,Long,2,5009.19,4995.24,2025-03-04 13:51:00,2025-03-04 17:39:00,-503.83,6.27
NQ 03-25,SIM101,Short,3,4986.31,5051.67,2025-03-05 03:32:00,2025-03-05 04:02:00,263.06,4.18
GC 03-25,SIM101,Long,2,4994.09,5020.84,2025-03-05 03:56:00,2025-03-05 05:05:00,444.59,6.27
ES 03-25,SIM101,Long,1,5061.97,4995.29,2025-03-05 13:19:00,2025-03-05 13:30:00,264.21,6.27
CL 03-25,SIM101,Long,3,4974.23,4962.62,2025-03-05 15:13:00,2025-03-05 17:09:00,492.5,4.18
NQ 03-25,SIM101,Long,3,5048.89,4993.33,2025-03-06 07:31:00,2025-03-06 09:50:00,627.2,2.09
CL 03-25,SIM101,Long,3,4960.59,4964.51,2025-03-06 07:46:00,2025-03-06 10:31:00,29.65,8.36
GC 03-25,SIM101,Long,3,4990.77,5067.88,2025-03-06 10:32:00,2025-03-06 12:20:00,212.98,2.09
GC 03-25,SIM101,Long,2,4938.81,4967.55,2025-03-06 11:50:00,2025-03-06 12:53:00,133.83,8.36
ES 03-25,SIM101,Short,2,5046.3,5001.85,2025-03-07 14:18:00,2025-03-07 17:41:00,-213.74,2.09
NQ 03-25,SIM101,Short,2,5002.86,4968.68,2025-03-07 15:20:00,2025-03-07 17:21:00,614.83,4.18
CL 03-25,SIM101,Long,3,4944.53,4974.72,2025-03-07 15:24:00,2025-03-07 18:24:00,141.39,2.09
CL 03-25,SIM101,Long,3,5004.12,5006.69,2025-03-07 19:25:00,2025-03-07 20:38:00,447.25,6.27
ES 03-25,SIM101,Short,2,4983.35,5084.6,2025-03-10 03:05:00,2025-03-10 04:51:00,-129.55,6.27
CL 03-25,SIM101,Long,2,4980.9,4954.14,2025-03-10 03:05:00,2025-03-10 06:26:00,-450.07,4.18
GC 03-25,SIM101,Long,1,4977.46,5003.21,2025-03-10 10:11:00,2025-03-10 11:09:00,191.65,6.27
GC 03-25,SIM101,Short,2,5025.18,5043.8,2025-03-10 14:43:00,2025-03-10 15:48:00,-378.43,4.18
NQ 03-25,SIM101,Long,3,4972.96,5000.66,2025-03-11 07:48:00,2025-03-11 11:29:00,280.51,4.18
ES 03-25,SIM101,Long,1,5040.51,4981.09,2025-03-11 11:33:00,2025-03-11 14:18:00,-276.02,8.36
CL 03-25,SIM101,Long,2,5024.47,5115.87,2025-03-11 14:57:00,2025-03-11 18:13:00,-296.48,8.36
NQ 03-25,SIM101,Long,3,5038.05,5014.92,2025-03-11 15:05:00,2025-03-11 16:42:00,270.93,4.18
CL 03-25,SIM101,Long,2,5044.36,4976.31,2025-03-12 07:16:00,2025-03-12 09:37:00,-420.68,4.18
ES 03-25,SIM101,Short,2,5017.79,4933.54,2025-03-12 09:41:00,2025-03-12 10:04:00,405.62,2.09
NQ 03-25,SIM101,Short,3,4971.62,4962.26,2025-03-12 11:21:00,2025-03-12 11:23:00,265.86,2.09
GC 03-25,SIM101,Short,3,5035.78,4976.86,2025-03-12 11:33:00,2025-03-12 14:31:00,382.29,8.36
NQ 03-25,SIM101,Short,2,4942.92,5039.14,2025-03-13 07:27:00,2025-03-13 09:27:00,286.76,2.09
GC 03-25,SIM101,Long,1,4972.94,5001.4,2025-03-13 09:33:00,2025-03-13 11:52:00,-1020.0,8.36
CL 03-25,SIM101,Long,1,5045.85,4967.87,2025-03-13 09:47:00,2025-03-13 10:13:00,382.84,8.36
ES 03-25,SIM101,Long,1,4927.67,5069.19,2025-03-13 14:50:00,2025-03-13 15:31:00,374.65,8.36
CL 03-25,SIM101,Long,2,4964.56,5046.2,2025-03-14 03:21:00,2025-03-14 04:00:00,776.17,6.27
ES 03-25,SIM101,Long,3,4946.51,4983.54,2025-03-14 10:15:00,2025-03-14 12:58:00,404.16,4.18
GC 03-25,SIM101,Long,2,5014.95,5036.53,2025-03-14 10:46:00,2025-03-14 11:28:00,414.62,2.09
NQ 03-25,SIM101,Long,2,4958.86,5001.99,2025-03-14 13:52:00,2025-03-14 16:39:00,358.99,6.27
GC 03-25,SIM101,Short,1,5007.78,4979.3,2025-03-17 07:51:00,2025-03-17 11:17:00,-220.97,8.36
CL 03-25,SIM101,Long,3,5001.76,4957.37,2025-03-17 15:24:00,2025-03-17 16:04:00,-81.98,2.09
GC 03-25,SIM101,Long,1,5079.17,4991.63,2025-03-17 15:48:00,2025-03-17 16:47:00,-30.98,6.27
GC 03-25,SIM101,Long,1,5083.83,5004.4,2025-03-17 21:18:00,2025-03-17 21:21:00,82.85,8.36
CL 03-25,SIM101,Long,2,4966.69,5012.65,2025-03-18 14:44:00,2025-03-18 17:54:00,-269.53,4.18
ES 03-25,SIM101,Long,1,4973.13,5007.15,2025-03-18 15:45:00,2025-03-18 18:23:00,-62.14,4.18
CL 03-25,SIM101,Short,3,4997.64,5042.32,2025-03-18 19:04:00,2025-03-18 22:30:00,247.77,6.27
CL 03-25,SIM101,Short,2,4984.93,5060.62,2025-03-18 21:14:00,2025-03-19 00:10:00,-407.29,2.09
GC 03-25,SIM101,Short,2,4986.34,4999.17,2025-03-19 10:04:00,2025-03-19 12:17:00,792.39,6.27
NQ 03-25,SIM101,Short,2,4993.64,5027.09,2025-03-19 10:32:00,2025-03-19 13:18:00,-159.46,6.27
CL 03-25,SIM101,Long,3,5036.39,5050.99,2025-03-19 11:44:00,2025-03-19 13:05:00,199.16,8.36
GC 03-25,SIM101,Long,2,5054.9,4990.34,2025-03-19 15:13:00,2025-03-19 16:33:00,-373.24,2.09
ES 03-25,SIM101,Long,3,4943.41,4971.95,2025-03-20 09:20:00,2025-03-20 10:57:00,515.15,6.27
NQ 03-25,SIM101,Short,1,5023.78,4917.54,2025-03-20 11:05:00,2025-03-20 13:01:00,143.75,6.27
NQ 03-25,SIM101,Long,2,5005.91,4990.32,2025-03-20 14:08:00,2025-03-20 15:01:00,-78.18,4.18
GC 03-25,SIM101,Long,3,4960.44,4913.95,2025-03-20 21:55:00,2025-03-21 00:51:00,-693.61,2.09
GC 03-25,SIM101,Short,3,4997.74,4959.78,2025-03-21 03:52:00,2025-03-21 05:42:00,-338.31,6.27
NQ 03-25,SIM101,Short,2,4979.25,5016.57,2025-03-21 07:21:00,2025-03-21 08:14:00,138.57,2.09
CL 03-25,SIM101,Long,1,5004.37,5033.4,2025-03-21 07:27:00,2025-03-21 10:56:00,-84.88,8.36
ES 03-25,SIM101,Long,2,5004.16,4947.59,2025-03-21 09:43:00,2025-03-21 10:29:00,823.78,6.27
NQ 03-25,SIM101,Short,1,4931.93,4915.79,2025-03-24 07:52:00,2025-03-24 09:22:00,-280.24,6.27
CL 03-25,SIM101,Long,1,4979.35,4944.77,2025-03-24 14:42:00,2025-03-24 15:24:00,69.95,2.09
CL 03-25,SIM101,Short,1,5009.44,5012.97,2025-03-24 21:22:00,2025-03-25 00:53:00,157.52,4.18
NQ 03-25,SIM101,Long,3,4974.86,5083.84,2025-03-24 21:45:00,2025-03-24 22:17:00,326.46,8.36
NQ 03-25,SIM101,Long,1,4875.64,4995.54,2025-03-25 14:30:00,2025-03-25 15:13:00,431.59,4.18
NQ 03-25,SIM101,Long,2,5052.55,4917.95,2025-03-25 19:06:00,2025-03-25 20:09:00,55.12,8.36
NQ 03-25,SIM101,Long,3,4993.72,4952.96,2025-03-25 19:31:00,2025-03-25 22:10:00,155.83,8.36
NQ 03-25,SIM101,Long,3,5025.12,5047.6,2025-03-25 19:52:00,2025-03-25 22:14:00,158.54,6.27
CL 03-25,SIM101,Short,2,4973.76,5016.67,2025-03-26 10:41:00,2025-03-26 11:26:00,238.09,8.36
ES 03-25,SIM101,Short,3,4964.31,5025.55,2025-03-26 13:40:00,2025-03-26 17:22:00,235.07,8.36
CL 03-25,SIM101,Long,2,5039.53,4994.38,2025-03-26 14:17:00,2025-03-26 16:53:00,223.12,4.18
CL 03-25,SIM101,Long,3,5004.2,4996.5,2025-03-26 21:33:00,2025-03-26 23:42:00,1088.86,6.27
NQ 03-25,SIM101,Long,2,4980.55,4917.12,2025-03-27 09:20:00,2025-03-27 10:58:00,6.79,4.18
NQ 03-25,SIM101,Long,1,5014.48,5036.5,2025-03-27 11:48:00,2025-03-27 12:59:00,401.89,6.27
NQ 03-25,SIM101,Long,3,4987.22,5065.4,2025-03-27 13:50:00,2025-03-27 17:24:00,436.19,6.27
NQ 03-25,SIM101,Short,2,5009.95,4973.89,2025-03-27 13:56:00,2025-03-27 15:43:00,-333.81,2.09
ES 03-25,SIM101,Long,3,5034.45,4968.47,2025-03-28 03:05:00,2025-03-28 06:41:00,116.08,2.09
NQ 03-25,SIM101,Long,2,5001.68,4996.09,2025-03-28 03:12:00,2025-03-28 03:32:00,114.41,6.27
CL 03-25,SIM101,Short,2,4982.48,4984.86,2025-03-28 13:34:00,2025-03-28 16:52:00,-189.32,2.09
NQ 03-25,SIM101,Short,2,5027.54,4948.6,2025-03-28 14:34:00,2025-03-28 16:41:00,234.03,8.36
CL 03-25,SIM101,Short,3,5048.18,4953.52,2025-03-31 07:22:00,2025-03-31 09:21:00,150.67,4.18
CL 03-25,SIM101,Short,1,5010.08,5009.26,2025-03-31 19:46:00,2025-03-31 20:08:00,-539.66,4.18
ES 03-25,SIM101,Short,2,5001.44,5047.64,2025-03-31 21:18:00,2025-04-01 00:16:00,-760.75,4.18
NQ 03-25,SIM101,Short,1,5001.88,4975.66,2025-03-31 21:19:00,2025-04-01 00:49:00,171.67,2.09
NQ 03-25,SIM101,Short,3,4974.64,4939.5,2025-04-01 10:06:00,2025-04-01 10:08:00,183.94,8.36
NQ 03-25,SIM101,Long,2,5027.23,5017.76,2025-04-01 14:11:00,2025-04-01 15:37:00,120.64,2.09
ES 03-25,SIM101,Long,1,4984.12,5045.24,2025-04-01 15:01:00,2025-04-01 18:58:00,-105.51,2.09
ES 03-25,SIM101,Long,1,4985.82,4971.58,2025-04-01 21:17:00,2025-04-02 01:01:00,-200.26,6.27
ES 03-25,SIM101,Short,2,5016.13,4954.91,2025-04-02 10:07:00,2025-04-02 13:46:00,726.9,2.09
NQ 03-25,SIM101,Short,2,5059.11,4977.35,2025-04-02 13:49:00,2025-04-02 14:48:00,-466.41,8.36
NQ 03-25,SIM101,Long,2,5046.87,4989.22,2025-04-02 14:33:00,2025-04-02 15:16:00,73.89,4.18
CL 03-25,SIM101,Short,2,4957.48,5060.44,2025-04-02 15:54:00,2025-04-02 18:06:00,462.59,8.36
GC 03-25,SIM101,Long,3,5057.58,4957.52,2025-04-03 11:50:00,2025-04-03 11:52:00,-407.61,4.18
GC 03-25,SIM101,Long,1,5032.1,5014.08,2025-04-03 14:15:00,2025-04-03 16:37:00,-59.12,2.09
GC 03-25,SIM101,Short,1,5006.06,5018.27,2025-04-03 15:03:00,2025-04-03 15:11:00,560.7,8.36
CL 03-25,SIM101,Long,3,5039.27,4982.28,2025-04-03 15:07:00,2025-04-03 16:47:00,890.54,4.18
ES 03-25,SIM101,Long,2,5011.87,5071.23,2025-04-04 03:21:00,2025-04-04 04:57:00,304.7,8.36
GC 03-25,SIM101,Short,2,5076.91,5025.78,2025-04-04 07:07:00,2025-04-04 08:59:00,269.5,2.09
ES 03-25,SIM101,Long,1,4971.31,4975.76,2025-04-04 10:22:00,2025-04-04 11:00:00,211.93,2.09
NQ 03-25,SIM101,Short,3,5059.88,4988.69,2025-04-04 11:05:00,2025-04-04 12:27:00,-647.35,8.36
ES 03-25,SIM101,Short,2,4983.29,5002.03,2025-04-07 07:45:00,2025-04-07 11:40:00,262.83,6.27
NQ 03-25,SIM101,Long,2,4989.23,5066.78,2025-04-07 14:05:00,2025-04-07 17:03:00,147.04,4.18
ES 03-25,SIM101,Short,2,5035.53,4987.37,2025-04-07 15:49:00,2025-04-07 18:55:00,146.45,6.27
CL 03-25,SIM101,Long,3,4921.78,5029.85,2025-04-07 21:05:00,2025-04-07 21:46:00,336.45,4.18
ES 03-25,SIM101,Short,1,5036.38,5017.79,2025-04-08 09:17:00,2025-04-08 12:39:00,-199.59,4.18
NQ 03-25,SIM101,Short,3,5052.76,4958.94,2025-04-08 15:15:00,2025-04-08 16:07:00,-53.24,6.27
CL 03-25,SIM101,Long,1,4932.8,5013.74,2025-04-08 19:10:00,2025-04-08 19:58:00,-143.3,4.18
GC 03-25,SIM101,Long,1,4974.67,4957.31,2025-04-08 19:46:00,2025-04-08 21:34:00,-332.87,8.36
CL 03-25,SIM101,Long,1,5042.41,4983.07,2025-04-09 03:52:00,2025-04-09 05:46:00,-184.54,8.36
CL 03-25,SIM101,Long,1,4961.53,4994.33,2025-04-09 11:09:00,2025-04-09 12:17:00,-145.64,2.09
GC 03-25,SIM101,Short,1,4947.19,5024.18,2025-04-09 15:25:00,2025-04-09 17:21:00,232.1,2.09
GC 03-25,SIM101,Short,2,5072.3,4995.52,2025-04-09 19:54:00,2025-04-09 20:56:00,393.8,8.36
GC 03-25,SIM101,Long,3,4984.43,4983.13,2025-04-10 07:04:00,2025-04-10 07:22:00,-33.64,8.36
ES 03-25,SIM101,Short,2,5065.84,4977.39,2025-04-10 09:40:00,2025-04-10 10:33:00,384.66,6.27
NQ 03-25,SIM101,Long,1,5041.92,4981.96,2025-04-10 11:28:00,2025-04-10 11:36:00,-109.64,8.36
ES 03-25,SIM101,Short,2,5015.67,5006.89,2025-04-10 14:01:00,2025-04-10 14:09:00,208.42,2.09
GC 03-25,SIM101,Long,3,4968.62,4945.8,2025-04-11 03:49:00,2025-04-11 06:57:00,-273.16,8.36
CL 03-25,SIM101,Short,1,5044.64,4971.19,2025-04-11 11:44:00,2025-04-11 14:24:00,-123.65,6.27
GC 03-25,SIM101,Long,3,5020.82,4999.17,2025-04-11 14:28:00,2025-04-11 17:02:00,-476.74,8.36
NQ 03-25,SIM101,Short,1,4977.61,4900.52,2025-04-11 19:49:00,2025-04-11 22:35:00,-88.64,4.18
CL 03-25,SIM101,Long,3,4970.81,5025.87,2025-04-14 07:00:00,2025-04-14 08:15:00,276.35,8.36
ES 03-25,SIM101,Long,1,4986.63,5034.27,2025-04-14 13:14:00,2025-04-14 15:24:00,-537.77,4.18
CL 03-25,SIM101,Short,1,4954.56,4970.99,2025-04-14 14:55:00,2025-04-14 15:05:00,56.36,2.09
ES 03-25,SIM101,Long,3,4980.56,4996.82,2025-04-14 21:32:00,2025-04-15 00:12:00,137.07,4.18
CL 03-25,SIM101,Short,2,5019.37,4996.05,2025-04-15 03:14:00,2025-04-15 05:46:00,-128.45,4.18
NQ 03-25,SIM101,Short,3,4964.42,4982.01,2025-04-15 07:25:00,2025-04-15 10:09:00,201.79,6.27
CL 03-25,SIM101,Short,1,4985.8,5005.58,2025-04-15 11:31:00,2025-04-15 14:08:00,-230.42,2.09
NQ 03-25,SIM101,Short,1,4987.72,4952.44,2025-04-15 15:28:00,2025-04-15 19:03:00,783.57,8.36
ES 03-25,SIM101,Short,2,4994.51,5030.36,2025-04-16 09:28:00,2025-04-16 11:18:00,82.31,8.36
CL 03-25,SIM101,Short,3,4972.8,4972.55,2025-04-16 11:42:00,2025-04-16 12:07:00,-207.47,8.36
ES 03-25,SIM101,Short,3,5016.77,5042.24,2025-04-16 21:00:00,2025-04-17 00:53:00,-231.11,8.36
CL 03-25,SIM101,Long,3,5047.94,5107.48,2025-04-16 21:00:00,2025-04-16 23:03:00,684.87,2.09
GC 03-25,SIM101,Short,1,4948.63,5010.59,2025-04-17 09:25:00,2025-04-17 10:46:00,129.35,2.09
GC 03-25,SIM101,Long,1,4978.32,5019.53,2025-04-17 10:42:00,2025-04-17 11:14:00,500.79,6.27
ES 03-25,SIM101,Short,2,4993.93,5011.98,2025-04-17 11:10:00,2025-04-17 14:34:00,306.29,4.18
CL 03-25,SIM101,Long,3,5047.07,4995.37,2025-04-17 19:23:00,2025-04-17 22:23:00,530.03,6.27
GC 03-25,SIM101,Long,3,4994.61,5027.84,2025-04-18 13:09:00,2025-04-18 14:19:00,155.06,8.36
NQ 03-25,SIM101,Long,2,4979.08,5041.67,2025-04-18 13:14:00,2025-04-18 15:19:00,245.18,6.27
ES 03-25,SIM101,Long,3,5035.35,4978.24,2025-04-18 13:41:00,2025-04-18 13:57:00,520.73,2.09
ES 03-25,SIM101,Long,1,4993.35,5053.64,2025-04-18 19:52:00,2025-04-18 19:59:00,-599.33,8.36
GC 03-25,SIM101,Long,3,4957.19,4990.17,2025-04-21 07:40:00,2025-04-21 08:29:00,61.81,4.18
NQ 03-25,SIM101,Short,1,5010.0,5059.78,2025-04-21 09:43:00,2025-04-21 13:11:00,350.57,2.09
GC 03-25,SIM101,Short,3,5004.27,4992.17,2025-04-21 11:56:00,2025-04-21 12:35:00,283.47,2.09
GC 03-25,SIM101,Short,3,4974.71,4915.72,2025-04-21 21:23:00,2025-04-22 01:15:00,130.32,8.36
CL 03-25,SIM101,Short,3,4932.66,4983.38,2025-04-22 09:52:00,2025-04-22 13:38:00,654.61,8.36
CL 03-25,SIM101,Long,1,4978.24,4962.39,2025-04-22 10:00:00,2025-04-22 10:22:00,-193.85,6.27
NQ 03-25,SIM101,Short,1,5015.87,4991.73,2025-04-22 11:23:00,2025-04-22 11:30:00,-204.36,6.27
ES 03-25,SIM101,Long,1,5013.52,5033.3,2025-04-22 21:40:00,2025-04-22 21:48:00,148.76,8.36
CL 03-25,SIM101,Long,2,4939.86,4972.26,2025-04-23 11:05:00,2025-04-23 13:55:00,-476.26,2.09
CL 03-25,SIM101,Short,3,4953.29,4973.1,2025-04-23 14:07:00,2025-04-23 17:42:00,253.34,4.18
ES 03-25,SIM101,Long,3,5036.1,5006.01,2025-04-23 14:45:00,2025-04-23 17:43:00,254.29,8.36
NQ 03-25,SIM101,Short,3,4926.3,4943.17,2025-04-23 15:22:00,2025-04-23 18:52:00,-260.55,8.36
CL 03-25,SIM101,Long,2,5034.93,4981.16,2025-04-24 10:39:00,2025-04-24 13:13:00,765.33,4.18
GC 03-25,SIM101,Long,1,5026.11,5052.03,2025-04-24 21:07:00,2025-04-24 22:42:00,-245.31,4.18
ES 03-25,SIM101,Long,2,5080.62,5058.96,2025-04-24 21:25:00,2025-04-24 21:58:00,363.85,4.18
CL 03-25,SIM101,Long,2,4933.3,4977.18,2025-04-24 21:54:00,2025-04-24 23:13:00,-425.98,6.27
ES 03-25,SIM101,Short,1,5033.44,4984.72,2025-04-25 11:21:00,2025-04-25 12:36:00,-201.99,4.18
GC 03-25,SIM101,Short,3,4975.68,5029.94,2025-04-25 14:12:00,2025-04-25 17:57:00,145.91,6.27
GC 03-25,SIM101,Long,2,5001.11,5049.47,2025-04-25 14:55:00,2025-04-25 18:20:00,-206.1,4.18
CL 03-25,SIM101,Short,3,4958.07,4985.75,2025-04-25 15:35:00,2025-04-25 18:26:00,-145.25,8.36
CL 03-25,SIM101,Long,2,5036.77,4965.3,2025-04-28 09:53:00,2025-04-28 13:48:00,221.18,4.18
ES 03-25,SIM101,Short,3,5022.17,4971.44,2025-04-28 10:27:00,2025-04-28 13:54:00,434.56,2.09
CL 03-25,SIM101,Long,1,4953.48,5048.04,2025-04-28 11:39:00,2025-04-28 14:53:00,-171.35,6.27
GC 03-25,SIM101,Long,3,4941.45,5022.06,2025-04-28 21:01:00,2025-04-28 21:38:00,-170.97,6.27
ES 03-25,SIM101,Long,2,5012.96,4968.49,2025-04-29 03:07:00,2025-04-29 06:14:00,-80.91,6.27
ES 03-25,SIM101,Long,3,4980.92,5066.29,2025-04-29 07:28:00,2025-04-29 09:05:00,-516.16,8.36
ES 03-25,SIM101,Long,2,5007.98,4988.44,2025-04-29 19:10:00,2025-04-29 20:44:00,56.65,4.18
ES 03-25,SIM101,Short,2,5007.41,4968.66,2025-04-29 21:02:00,2025-04-29 23:45:00,368.88,2.09
CL 03-25,SIM101,Short,1,5014.27,5042.96,2025-04-30 03:45:00,2025-04-30 05:42:00,-386.12,8.36
ES 03-25,SIM101,Short,3,5002.85,5042.94,2025-04-30 11:49:00,2025-04-30 15:42:00,99.8,8.36
NQ 03-25,SIM101,Short,1,4979.48,4973.66,2025-04-30 14:05:00,2025-04-30 17:37:00,-171.18,4.18
NQ 03-25,SIM101,Long,2,5040.25,4979.59,2025-04-30 21:42:00,2025-05-01 00:43:00,211.35,8.36
CL 03-25,SIM101,Short,2,5029.42,5026.14,2025-05-01 07:52:00,2025-05-01 08:26:00,155.84,8.36
GC 03-25,SIM101,Short,3,4998.58,4988.39,2025-05-01 09:58:00,2025-05-01 10:50:00,128.93,8.36
CL 03-25,SIM101,Long,2,5015.43,5050.93,2025-05-01 13:16:00,2025-05-01 14:48:00,-380.42,6.27
NQ 03-25,SIM101,Long,1,4999.64,5035.18,2025-05-01 21:36:00,2025-05-02 01:35:00,53.52,6.27
ES 03-25,SIM101,Short,3,4995.79,4980.36,2025-05-02 09:39:00,2025-05-02 10:30:00,14.15,8.36
NQ 03-25,SIM101,Long,3,4980.43,4888.56,2025-05-02 09:52:00,2025-05-02 13:32:00,12.37,8.36
ES 03-25,SIM101,Short,3,5055.05,5004.02,2025-05-02 10:44:00,2025-05-02 12:19:00,-126.53,4.18
NQ 03-25,SIM101,Short,1,4978.92,4999.38,2025-05-02 19:17:00,2025-05-02 21:14:00,-422.23,6.27
GC 03-25,SIM101,Short,3,5054.41,5089.02,2025-05-05 09:25:00,2025-05-05 12:33:00,702.34,8.36
ES 03-25,SIM101,Short,1,5026.78,4959.91,2025-05-05 19:31:00,2025-05-05 20:38:00,-287.94,4.18
NQ 03-25,SIM101,Long,2,5023.31,4995.84,2025-05-05 19:59:00,2025-05-05 22:30:00,-249.45,6.27
NQ 03-25,SIM101,Long,1,5028.07,5065.97,2025-05-05 21:58:00,2025-05-06 00:12:00,53.83,4.18
NQ 03-25,SIM101,Long,1,5017.7,4993.33,2025-05-06 09:55:00,2025-05-06 11:03:00,-95.71,6.27
GC 03-25,SIM101,Short,2,4949.57,5039.64,2025-05-06 11:19:00,2025-05-06 14:52:00,-476.71,2.09
GC 03-25,SIM101,Short,2,4940.29,5011.03,2025-05-06 14:17:00,2025-05-06 15:55:00,-136.54,2.09
GC 03-25,SIM101,Long,2,4969.45,4999.43,2025-05-06 14:31:00,2025-05-06 16:41:00,-101.02,2.09
GC 03-25,SIM101,Short,2,4976.08,5027.64,2025-05-07 03:12:00,2025-05-07 04:19:00,743.29,4.18
GC 03-25,SIM101,Long,3,4998.04,4985.52,2025-05-07 07:20:00,2025-05-07 07:30:00,275.78,8.36
ES 03-25,SIM101,Long,1,4993.08,4966.39,2025-05-07 13:05:00,2025-05-07 14:18:00,-500.41,4.18
ES 03-25,SIM101,Short,2,5012.66,5021.03,2025-05-07 15:51:00,2025-05-07 18:28:00,320.58,4.18
GC 03-25,SIM101,Short,3,4931.21,4988.62,2025-05-08 03:05:00,2025-05-08 04:34:00,53.45,2.09
NQ 03-25,SIM101,Long,3,5003.91,5019.1,2025-05-08 19:31:00,2025-05-08 20:17:00,354.45,8.36
NQ 03-25,SIM101,Short,3,4968.66,5055.48,2025-05-08 21:09:00,2025-05-08 22:03:00,292.8,6.27
CL 03-25,SIM101,Long,2,4969.94,5035.68,2025-05-08 21:55:00,2025-05-09 00:32:00,-345.45,6.27
NQ 03-25,SIM101,Short,1,4969.41,4955.7,2025-05-09 09:40:00,2025-05-09 11:08:00,542.55,8.36
ES 03-25,SIM101,Long,1,4996.47,4964.75,2025-05-09 11:51:00,2025-05-09 12:16:00,106.38,6.27
NQ 03-25,SIM101,Short,3,4959.93,4946.78,2025-05-09 19:23:00,2025-05-09 20:28:00,206.27,6.27
ES 03-25,SIM101,Long,3,5024.74,4979.99,2025-05-09 21:40:00,2025-05-09 23:57:00,270.62,2.09
NQ 03-25,SIM101,Short,1,5025.79,4972.02,2025-05-12 13:20:00,2025-05-12 14:34:00,-118.7,4.18
NQ 03-25,SIM101,Short,1,4968.08,5020.06,2025-05-12 13:23:00,2025-05-12 16:43:00,-262.94,6.27
ES 03-25,SIM101,Long,1,4968.17,5051.04,2025-05-12 13:39:00,2025-05-12 16:24:00,-579.09,2.09
NQ 03-25,SIM101,Long,2,4995.47,5018.51,2025-05-12 19:30:00,2025-05-12 21:05:00,483.6,8.36
CL 03-25,SIM101,Short,2,5044.39,4919.11,2025-05-13 09:50:00,2025-05-13 13:39:00,556.45,2.09
ES 03-25,SIM101,Long,3,5021.2,4990.73,2025-05-13 10:51:00,2025-05-13 12:54:00,376.21,6.27
NQ 03-25,SIM101,Short,3,4968.57,5003.04,2025-05-13 13:42:00,2025-05-13 16:11:00,-74.92,6.27
CL 03-25,SIM101,Long,3,4991.75,5053.47,2025-05-13 19:34:00,2025-05-13 22:42:00,170.71,2.09
ES 03-25,SIM101,Long,2,4946.95,5019.25,2025-05-14 09:31:00,2025-05-14 13:08:00,47.53,8.36
GC 03-25,SIM101,Short,1,4976.98,5032.58,2025-05-14 13:39:00,2025-05-14 16:26:00,-163.99,8.36
GC 03-25,SIM101,Long,3,4952.16,5011.72,2025-05-14 14:57:00,2025-05-14 15:30:00,-80.51,6.27
ES 03-25,SIM101,Short,2,5016.84,4941.5,2025-05-14 21:56:00,2025-05-15 01:38:00,-70.2,6.27
ES 03-25,SIM101,Long,1,4985.29,5021.94,2025-05-15 09:11:00,2025-05-15 11:25:00,406.93,8.36
GC 03-25,SIM101,Short,3,4992.83,5042.74,2025-05-15 09:49:00,2025-05-15 13:24:00,338.12,2.09
ES 03-25,SIM101,Short,2,4931.68,4956.8,2025-05-15 19:24:00,2025-05-15 20:27:00,-84.0,4.18
GC 03-25,SIM101,Long,3,4976.51,5071.41,2025-05-15 21:07:00,2025-05-15 21:30:00,1080.55,4.18
ES 03-25,SIM101,Long,1,4979.09,5093.29,2025-05-16 11:56:00,2025-05-16 15:40:00,318.97,8.36
GC 03-25,SIM101,Short,1,5038.92,4967.29,2025-05-16 14:12:00,2025-05-16 16:59:00,-203.75,2.09
CL 03-25,SIM101,Short,3,4927.65,4976.14,2025-05-16 14:29:00,2025-05-16 14:53:00,-90.27,2.09
ES 03-25,SIM101,Short,3,4957.13,4958.96,2025-05-16 15:59:00,2025-05-16 19:27:00,-287.04,4.18
GC 03-25,SIM101,Short,2,4956.45,5012.16,2025-05-19 10:36:00,2025-05-19 13:48:00,626.24,6.27
ES 03-25,SIM101,Short,1,5011.79,4967.59,2025-05-19 19:14:00,2025-05-19 22:37:00,37.37,4.18
NQ 03-25,SIM101,Short,3,4971.11,5071.23,2025-05-19 19:43:00,2025-05-19 21:51:00,149.48,2.09
GC 03-25,SIM101,Long,2,5042.77,4979.17,2025-05-19 19:48:00,2025-05-19 20:16:00,-139.01,4.18
NQ 03-25,SIM101,Short,1,5057.82,5000.24,2025-05-20 09:02:00,2025-05-20 09:05:00,-272.98,4.18
GC 03-25,SIM101,Short,3,4918.57,5030.13,2025-05-20 13:28:00,2025-05-20 15:45:00,-227.38,2.09
GC 03-25,SIM101,Long,3,5047.1,4985.33,2025-05-20 15:11:00,2025-05-20 18:54:00,-77.89,4.18
ES 03-25,SIM101,Long,1,5024.26,5066.47,2025-05-20 15:46:00,2025-05-20 19:42:00,114.87,8.36
ES 03-25,SIM101,Short,1,5028.41,5000.19,2025-05-21 07:14:00,2025-05-21 09:28:00,-170.41,2.09
NQ 03-25,SIM101,Short,3,5017.82,5009.7,2025-05-21 14:38:00,2025-05-21 16:35:00,-304.43,4.18
NQ 03-25,SIM101,Long,2,4986.35,5031.68,2025-05-21 15:13:00,2025-05-21 19:00:00,-149.46,4.18
NQ 03-25,SIM101,Long,3,4977.44,4949.5,2025-05-21 21:46:00,2025-05-22 01:22:00,328.22,2.09
ES 03-25,SIM101,Short,1,4973.9,5008.53,2025-05-22 09:48:00,2025-05-22 11:48:00,792.66,4.18
GC 03-25,SIM101,Short,2,4962.22,4976.43,2025-05-22 13:03:00,2025-05-22 16:53:00,33.06,2.09
GC 03-25,SIM101,Long,1,5008.87,5011.24,2025-05-22 13:08:00,2025-05-22 14:26:00,291.46,6.27
GC 03-25,SIM101,Long,1,4994.49,4957.15,2025-05-22 21:11:00,2025-05-23 00:16:00,-135.58,8.36
NQ 03-25,SIM101,Short,2,5005.0,5057.1,2025-05-23 03:09:00,2025-05-23 04:37:00,849.77,2.09
ES 03-25,SIM101,Short,3,5003.73,5026.73,2025-05-23 03:52:00,2025-05-23 05:51:00,-159.18,4.18
GC 03-25,SIM101,Short,2,4930.95,4987.09,2025-05-23 07:56:00,2025-05-23 08:21:00,-355.09,6.27
NQ 03-25,SIM101,Long,3,4994.93,4996.41,2025-05-23 09:27:00,2025-05-23 09:47:00,796.61,2.09
NQ 03-25,SIM101,Long,1,4967.64,4935.65,2025-05-26 10:33:00,2025-05-26 12:52:00,-175.68,8.36
ES 03-25,SIM101,Long,2,4961.9,5019.25,2025-05-26 10:52:00,2025-05-26 14:44:00,860.89,8.36
NQ 03-25,SIM101,Long,3,4995.15,4952.9,2025-05-26 15:04:00,2025-05-26 18:53:00,59.59,4.18
ES 03-25,SIM101,Long,1,5031.63,5034.93,2025-05-26 19:55:00,2025-05-26 23:52:00,-494.8,4.18
GC 03-25,SIM101,Short,3,4988.47,4972.77,2025-05-27 07:28:00,2025-05-27 08:56:00,169.12,6.27
GC 03-25,SIM101,Long,1,5008.82,5067.65,2025-05-27 09:41:00,2025-05-27 10:57:00,655.37,4.18
NQ 03-25,SIM101,Long,3,5060.33,4989.37,2025-05-27 11:50:00,2025-05-27 15:12:00,-294.33,8.36
CL 03-25,SIM101,Long,3,5025.88,4979.03,2025-05-27 21:08:00,2025-05-28 00:56:00,-161.17,8.36
NQ 03-25,SIM101,Short,2,5021.33,5045.89,2025-05-28 03:33:00,2025-05-28 06:56:00,39.72,2.09
ES 03-25,SIM101,Short,3,4970.93,4995.04,2025-05-28 09:38:00,2025-05-28 12:44:00,724.3,2.09
ES 03-25,SIM101,Long,2,5033.88,5081.06,2025-05-28 15:38:00,2025-05-28 16:22:00,-608.47,4.18
CL 03-25,SIM101,Long,1,4986.28,5081.95,2025-05-28 21:28:00,2025-05-28 22:58:00,672.23,6.27
NQ 03-25,SIM101,Long,3,5060.38,4977.71,2025-05-29 07:42:00,2025-05-29 09:25:00,-68.67,4.18
NQ 03-25,SIM101,Long,1,5078.23,5049.05,2025-05-29 09:02:00,2025-05-29 12:20:00,165.06,8.36
CL 03-25,SIM101,Long,3,4973.02,5026.64,2025-05-29 15:46:00,2025-05-29 15:55:00,-134.09,6.27
GC 03-25,SIM101,Short,3,5012.14,5008.72,2025-05-29 19:58:00,2025-05-29 21:01:00,194.56,8.36
ES 03-25,SIM101,Long,2,5008.21,4927.91,2025-05-30 03:13:00,2025-05-30 03:38:00,-205.69,2.09
CL 03-25,SIM101,Long,2,5062.1,4997.74,2025-05-30 09:16:00,2025-05-30 10:20:00,590.32,4.18
GC 03-25,SIM101,Short,1,4950.37,4980.89,2025-05-30 10:44:00,2025-05-30 14:35:00,-246.6,6.27
NQ 03-25,SIM101,Short,1,5049.0,5047.71,2025-05-30 11:22:00,2025-05-30 13:26:00,166.19,2.09
CL 03-25,SIM101,Short,1,5045.76,5051.14,2025-06-02 03:44:00,2025-06-02 06:48:00,256.56,2.09
CL 03-25,SIM101,Long,2,5006.76,4956.64,2025-06-02 14:18:00,2025-06-02 15:20:00,-174.49,4.18
CL 03-25,SIM101,Long,1,5025.2,4945.91,2025-06-02 19:43:00,2025-06-02 20:34:00,321.9,2.09
ES 03-25,SIM101,Long,2,4999.39,5009.86,2025-06-02 21:50:00,2025-06-03 01:16:00,-164.83,8.36
CL 03-25,SIM101,Long,1,5016.08,4984.62,2025-06-03 03:19:00,2025-06-03 04:33:00,-379.24,6.27
ES 03-25,SIM101,Short,1,4996.61,5038.47,2025-06-03 10:42:00,2025-06-03 12:52:00,-51.34,6.27
ES 03-25,SIM101,Long,3,4948.16,4979.85,2025-06-03 14:06:00,2025-06-03 15:23:00,-102.85,2.09
NQ 03-25,SIM101,Long,3,4980.82,5055.44,2025-06-03 19:29:00,2025-06-03 21:44:00,69.15,4.18
NQ 03-25,SIM101,Short,3,4982.26,5069.94,2025-06-04 11:03:00,2025-06-04 14:57:00,161.21,6.27
ES 03-25,SIM101,Long,1,5025.16,4951.53,2025-06-04 11:28:00,2025-06-04 14:06:00,332.14,4.18
GC 03-25,SIM101,Short,2,4986.12,4962.75,2025-06-04 14:53:00,2025-06-04 18:29:00,-379.93,4.18
CL 03-25,SIM101,Short,3,5021.74,5006.48,2025-06-04 15:35:00,2025-06-04 16:03:00,91.29,8.36
GC 03-25,SIM101,Long,2,5044.23,4990.77,2025-06-05 10:05:00,2025-06-05 13:34:00,535.66,8.36
CL 03-25,SIM101,Long,2,4987.77,5078.19,2025-06-05 15:16:00,2025-06-05 18:30:00,-332.96,6.27
ES 03-25,SIM101,Short,1,5023.45,4996.31,2025-06-05 19:18:00,2025-06-05 20:56:00,386.95,8.36
ES 03-25,SIM101,Long,3,4950.23,4992.41,2025-06-05 21:31:00,2025-06-05 23:21:00,192.81,4.18
ES 03-25,SIM101,Long,1,5008.0,4939.35,2025-06-06 10:09:00,2025-06-06 12:36:00,581.89,6.27
NQ 03-25,SIM101,Short,1,5042.87,5022.76,2025-06-06 10:38:00,2025-06-06 11:34:00,-116.28,4.18
GC 03-25,SIM101,Long,1,5040.6,4962.09,2025-06-06 11:40:00,2025-06-06 13:44:00,-171.8,4.18
GC 03-25,SIM101,Long,1,5142.69,4975.76,2025-06-06 13:57:00,2025-06-06 17:17:00,157.94,8.36
NQ 03-25,SIM101,Long,1,4982.36,4921.73,2025-06-09 03:32:00,2025-06-09 04:05:00,-128.96,4.18
ES 03-25,SIM101,Long,1,5007.37,4991.72,2025-06-09 09:23:00,2025-06-09 09:55:00,152.82,4.18
GC 03-25,SIM101,Short,1,5005.57,5006.37,2025-06-09 10:22:00,2025-06-09 10:59:00,177.02,4.18
ES 03-25,SIM101,Short,1,4976.28,5007.72,2025-06-09 13:05:00,2025-06-09 15:38:00,-315.1,6.27
NQ 03-25,SIM101,Short,3,5001.15,4939.1,2025-06-10 07:07:00,2025-06-10 10:37:00,-314.01,4.18
ES 03-25,SIM101,Long,2,4953.05,5007.32,2025-06-10 14:06:00,2025-06-10 14:28:00,525.68,8.36
CL 03-25,SIM101,Short,2,4990.78,5015.17,2025-06-10 19:45:00,2025-06-10 21:26:00,-176.61,4.18
NQ 03-25,SIM101,Short,2,5120.82,5029.25,2025-06-10 21:58:00,2025-06-10 23:41:00,-291.17,6.27
NQ 03-25,SIM101,Short,1,4972.71,4940.52,2025-06-11 10:53:00,2025-06-11 12:24:00,-106.84,2.09
GC 03-25,SIM101,Long,1,5039.33,5009.56,2025-06-11 13:52:00,2025-06-11 16:53:00,-299.41,6.27
GC 03-25,SIM101,Short,3,5055.47,5010.45,2025-06-11 15:57:00,2025-06-11 19:37:00,23.97,2.09
NQ 03-25,SIM101,Short,1,5060.06,4996.96,2025-06-11 21:30:00,2025-06-11 23:51:00,-210.39,4.18
ES 03-25,SIM101,Long,1,5028.35,5013.92,2025-06-12 07:01:00,2025-06-12 09:51:00,16.0,2.09
GC 03-25,SIM101,Long,1,5014.5,4958.21,2025-06-12 10:47:00,2025-06-12 11:51:00,554.0,8.36
ES 03-25,SIM101,Short,2,5037.3,4966.89,2025-06-12 11:00:00,2025-06-12 14:43:00,-298.42,2.09
NQ 03-25,SIM101,Short,2,5042.4,5091.45,2025-06-12 14:06:00,2025-06-12 15:02:00,-610.6,8.36
CL 03-25,SIM101,Long,2,4942.57,5044.72,2025-06-13 10:14:00,2025-06-13 12:14:00,217.45,4.18
CL 03-25,SIM101,Short,3,5061.35,5033.48,2025-06-13 10:34:00,2025-06-13 14:30:00,92.38,4.18
NQ 03-25,SIM101,Long,3,5006.98,5016.91,2025-06-13 13:36:00,2025-06-13 17:12:00,214.14,4.18
GC 03-25,SIM101,Long,3,5040.72,4986.68,2025-06-13 15:20:00,2025-06-13 16:52:00,-421.16,8.36
NQ 03-25,SIM101,Short,2,5042.74,4971.15,2025-06-16 07:39:00,2025-06-16 11:26:00,-81.19,2.09
GC 03-25,SIM101,Long,3,5016.92,4946.39,2025-06-16 09:46:00,2025-06-16 10:41:00,1443.95,2.09
GC 03-25,SIM101,Short,3,4955.49,4993.26,2025-06-16 13:12:00,2025-06-16 15:19:00,-414.53,4.18
ES 03-25,SIM101,Long,2,4933.24,4932.73,2025-06-16 13:34:00,2025-06-16 14:10:00,-278.71,2.09
GC 03-25,SIM101,Long,2,5037.28,4999.76,2025-06-17 09:36:00,2025-06-17 10:17:00,286.82,2.09
CL 03-25,SIM101,Long,2,4975.6,4967.96,2025-06-17 11:27:00,2025-06-17 12:16:00,784.59,2.09
ES 03-25,SIM101,Short,2,4942.5,4984.46,2025-06-17 15:03:00,2025-06-17 17:28:00,23.39,8.36
CL 03-25,SIM101,Long,1,4980.01,4978.96,2025-06-17 21:54:00,2025-06-17 23:19:00,-72.33,8.36
ES 03-25,SIM101,Long,3,4999.89,5072.03,2025-06-18 07:43:00,2025-06-18 10:25:00,-428.07,2.09
ES 03-25,SIM101,Long,3,5062.55,5077.75,2025-06-18 09:03:00,2025-06-18 10:50:00,467.81,8.36
NQ 03-25,SIM101,Short,2,4957.11,4954.98,2025-06-18 10:31:00,2025-06-18 13:37:00,178.29,4.18
NQ 03-25,SIM101,Long,3,5018.47,5088.91,2025-06-18 11:01:00,2025-06-18 14:39:00,214.05,2.09
GC 03-25,SIM101,Short,2,5006.28,5038.67,2025-06-19 07:00:00,2025-06-19 07:04:00,-526.24,6.27
ES 03-25,SIM101,Short,3,4982.22,5025.32,2025-06-19 14:49:00,2025-06-19 18:35:00,-77.92,4.18
GC 03-25,SIM101,Short,1,4959.43,5046.79,2025-06-19 15:06:00,2025-06-19 18:48:00,451.21,4.18
NQ 03-25,SIM101,Short,3,5056.92,4901.22,2025-06-19 21:51:00,2025-06-20 00:38:00,-208.73,4.18
NQ 03-25,SIM101,Short,2,4991.83,5012.15,2025-06-20 07:26:00,2025-06-20 08:37:00,-81.42,4.18
GC 03-25,SIM101,Short,1,5011.99,5072.86,2025-06-20 11:20:00,2025-06-20 12:24:00,401.62,4.18
GC 03-25,SIM101,Long,1,4990.04,4984.12,2025-06-20 11:42:00,2025-06-20 15:26:00,-563.43,6.27
ES 03-25,SIM101,Long,3,5072.72,5054.06,2025-06-20 13:04:00,2025-06-20 16:36:00,-219.44,8.36
NQ 03-25,SIM101,Short,3,5012.66,4977.7,2025-06-23 10:17:00,2025-06-23 11:14:00,202.88,2.09
CL 03-25,SIM101,Short,1,4982.49,4962.2,2025-06-23 13:41:00,2025-06-23 14:39:00,89.02,8.36
CL 03-25,SIM101,Short,1,5036.18,5021.1,2025-06-23 14:54:00,2025-06-23 15:18:00,-162.9,2.09
ES 03-25,SIM101,Short,1,5006.39,4988.72,2025-06-23 15:10:00,2025-06-23 17:43:00,192.27,2.09
GC 03-25,SIM101,Long,2,4960.53,4976.11,2025-06-24 07:11:00,2025-06-24 08:06:00,23.27,6.27
NQ 03-25,SIM101,Short,3,4940.54,4992.24,2025-06-24 09:18:00,2025-06-24 13:17:00,782.23,2.09
NQ 03-25,SIM101,Short,2,4975.86,5007.73,2025-06-24 13:56:00,2025-06-24 15:38:00,30.49,4.18
CL 03-25,SIM101,Long,1,4977.98,5033.13,2025-06-24 19:05:00,2025-06-24 22:54:00,47.44,6.27
CL 03-25,SIM101,Long,2,4936.63,5000.14,2025-06-25 07:16:00,2025-06-25 09:40:00,337.18,8.36
NQ 03-25,SIM101,Short,2,4915.65,5007.77,2025-06-25 14:31:00,2025-06-25 17:55:00,111.78,2.09
CL 03-25,SIM101,Short,1,5003.37,4996.68,2025-06-25 15:49:00,2025-06-25 19:08:00,-30.46,4.18
CL 03-25,SIM101,Long,3,5000.14,4972.98,2025-06-25 19:07:00,2025-06-25 21:16:00,-118.32,8.36
ES 03-25,SIM101,Long,3,5021.4,4968.34,2025-06-26 07:02:00,2025-06-26 08:29:00,412.08,4.18
CL 03-25,SIM101,Short,3,4949.52,4986.04,2025-06-26 09:06:00,2025-06-26 09:30:00,92.16,6.27
CL 03-25,SIM101,Long,1,4996.0,4975.52,2025-06-26 10:23:00,2025-06-26 11:57:00,-99.35,8.36
GC 03-25,SIM101,Long,2,4999.96,4982.03,2025-06-26 13:22:00,2025-06-26 16:57:00,278.99,2.09
GC 03-25,SIM101,Long,1,4982.39,5026.14,2025-06-27 07:34:00,2025-06-27 07:54:00,-295.07,2.09
CL 03-25,SIM101,Long,2,4961.62,5005.36,2025-06-27 11:00:00,2025-06-27 13:25:00,258.68,6.27
NQ 03-25,SIM101,Short,2,4996.93,5004.44,2025-06-27 13:33:00,2025-06-27 13:58:00,-472.46,6.27
ES 03-25,SIM101,Long,2,4975.35,4966.11,2025-06-27 15:41:00,2025-06-27 16:20:00,164.1,6.27
NQ 03-25,SIM101,Short,3,4971.38,4983.98,2025-06-30 09:07:00,2025-06-30 09:16:00,1039.91,6.27
ES 03-25,SIM101,Short,1,4981.62,4986.72,2025-06-30 09:27:00,2025-06-30 13:01:00,-350.75,8.36
NQ 03-25,SIM101,Long,1,4957.73,4974.21,2025-06-30 13:04:00,2025-06-30 14:23:00,117.87,2.09
NQ 03-25,SIM101,Short,2,4955.66,5030.08,2025-06-30 14:12:00,2025-06-30 14:16:00,393.02,6.27
GC 03-25,SIM101,Long,1,4989.47,5074.44,2025-07-01 11:18:00,2025-07-01 11:24:00,426.56,8.36
GC 03-25,SIM101,Short,1,4995.7,5042.61,2025-07-01 13:25:00,2025-07-01 15:24:00,-211.39,8.36
NQ 03-25,SIM101,Long,2,5024.16,4962.96,2025-07-01 15:44:00,2025-07-01 17:33:00,-156.92,6.27
CL 03-25,SIM101,Long,1,4985.57,4985.73,2025-07-01 19:27:00,2025-07-01 19:32:00,674.57,4.18
CL 03-25,SIM101,Short,2,4963.07,5027.0,2025-07-02 07:29:00,2025-07-02 10:29:00,-117.49,4.18
GC 03-25,SIM101,Short,3,4949.0,4989.92,2025-07-02 07:32:00,2025-07-02 08:44:00,346.9,2.09
ES 03-25,SIM101,Short,3,5031.42,5005.0,2025-07-02 11:26:00,2025-07-02 13:08:00,-245.2,4.18
CL 03-25,SIM101,Short,1,4974.02,4951.73,2025-07-02 14:58:00,2025-07-02 18:24:00,-263.89,6.27
GC 03-25,SIM101,Long,2,4952.73,4951.32,2025-07-03 11:17:00,2025-07-03 12:46:00,292.12,4.18
CL 03-25,SIM101,Long,3,5053.21,5023.69,2025-07-03 13:29:00,2025-07-03 16:45:00,322.99,2.09
NQ 03-25,SIM101,Short,2,5036.8,4972.73,2025-07-03 14:41:00,2025-07-03 14:45:00,508.34,6.27
NQ 03-25,SIM101,Long,1,4973.21,5027.29,2025-07-03 19:05:00,2025-07-03 21:56:00,-497.42,8.36
GC 03-25,SIM101,Long,3,4992.38,5038.48,2025-07-04 03:10:00,2025-07-04 05:42:00,-35.07,6.27
GC 03-25,SIM101,Long,3,4962.42,4970.88,2025-07-04 07:23:00,2025-07-04 09:49:00,575.68,8.36
CL 03-25,SIM101,Long,2,4990.9,4967.85,2025-07-04 10:21:00,2025-07-04 11:28:00,476.64,4.18
CL 03-25,SIM101,Long,1,5051.95,5064.77,2025-07-04 14:28:00,2025-07-04 15:05:00,-334.1,4.18
GC 03-25,SIM101,Short,1,4991.84,4995.74,2025-07-07 11:49:00,2025-07-07 14:08:00,378.0,2.09
CL 03-25,SIM101,Short,3,5037.74,5017.7,2025-07-07 15:11:00,2025-07-07 18:35:00,317.68,8.36
GC 03-25,SIM101,Short,2,5048.89,5017.09,2025-07-07 19:42:00,2025-07-07 20:03:00,-217.04,4.18
GC 03-25,SIM101,Long,3,4923.61,4995.49,2025-07-07 21:52:00,2025-07-07 22:32:00,804.25,8.36
NQ 03-25,SIM101,Short,1,4968.02,5004.81,2025-07-08 03:04:00,2025-07-08 05:15:00,-310.62,4.18
ES 03-25,SIM101,Long,3,5050.5,5029.9,2025-07-08 03:26:00,2025-07-08 03:50:00,266.96,8.36
ES 03-25,SIM101,Short,1,4973.71,4994.7,2025-07-08 07:35:00,2025-07-08 08:31:00,-306.74,6.27
NQ 03-25,SIM101,Short,2,4973.31,4928.88,2025-07-08 11:52:00,2025-07-08 12:10:00,-207.9,6.27
ES 03-25,SIM101,Short,2,4968.01,4984.97,2025-07-09 03:10:00,2025-07-09 05:13:00,55.12,2.09
GC 03-25,SIM101,Short,1,5032.78,4979.45,2025-07-09 07:19:00,2025-07-09 09:48:00,-247.74,6.27
ES 03-25,SIM101,Short,2,4993.13,4983.01,2025-07-09 21:33:00,2025-07-09 21:52:00,-302.91,4.18
ES 03-25,SIM101,Short,1,5095.14,5041.5,2025-07-09 21:34:00,2025-07-09 22:33:00,353.51,2.09
GC 03-25,SIM101,Short,1,5009.41,4935.34,2025-07-10 03:13:00,2025-07-10 06:28:00,394.61,2.09
ES 03-25,SIM101,Long,2,4915.3,5026.98,2025-07-10 10:08:00,2025-07-10 10:35:00,491.91,8.36
NQ 03-25,SIM101,Long,3,4948.19,4950.23,2025-07-10 15:09:00,2025-07-10 18:02:00,-223.58,8.36
ES 03-25,SIM101,Long,1,5003.6,4977.32,2025-07-10 15:38:00,2025-07-10 18:10:00,-151.24,6.27
GC 03-25,SIM101,Short,1,5073.26,5020.27,2025-07-11 11:12:00,2025-07-11 12:35:00,266.91,4.18
GC 03-25,SIM101,Long,3,5036.77,4965.58,2025-07-11 13:22:00,2025-07-11 14:20:00,61.73,6.27
CL 03-25,SIM101,Long,3,4971.39,5051.89,2025-07-11 14:08:00,2025-07-11 15:27:00,555.39,4.18
GC 03-25,SIM101,Short,1,4975.42,5039.72,2025-07-11 21:20:00,2025-07-11 21:51:00,-199.48,6.27
ES 03-25,SIM101,Short,3,4934.02,4986.92,2025-07-14 07:04:00,2025-07-14 07:08:00,-57.78,2.09
ES 03-25,SIM101,Short,1,5038.64,4986.34,2025-07-14 11:27:00,2025-07-14 12:04:00,-202.21,4.18
CL 03-25,SIM101,Short,1,4932.73,4982.52,2025-07-14 15:51:00,2025-07-14 19:43:00,201.39,8.36
NQ 03-25,SIM101,Long,2,5028.84,4896.62,2025-07-14 19:47:00,2025-07-14 20:15:00,175.72,2.09
NQ 03-25,SIM101,Short,2,5035.17,4968.4,2025-07-15 07:12:00,2025-07-15 08:52:00,-104.9,6.27
NQ 03-25,SIM101,Short,3,5014.49,4971.06,2025-07-15 09:56:00,2025-07-15 12:36:00,280.12,6.27
ES 03-25,SIM101,Short,1,5044.55,5004.23,2025-07-15 15:30:00,2025-07-15 19:19:00,-332.26,8.36
NQ 03-25,SIM101,Long,2,5085.9,5024.93,2025-07-15 21:53:00,2025-07-16 00:54:00,-126.49,8.36
NQ 03-25,SIM101,Long,2,4967.62,4866.3,2025-07-16 03:21:00,2025-07-16 06:08:00,-245.97,8.36
NQ 03-25,SIM101,Long,1,5069.53,4966.84,2025-07-16 10:21:00,2025-07-16 13:39:00,469.43,2.09
GC 03-25,SIM101,Long,3,4914.54,5026.7,2025-07-16 10:57:00,2025-07-16 11:13:00,-56.94,4.18
CL 03-25,SIM101,Long,1,4983.99,5024.32,2025-07-16 14:25:00,2025-07-16 16:56:00,-147.27,4.18
NQ 03-25,SIM101,Long,2,4991.35,5058.08,2025-07-17 14:14:00,2025-07-17 14:37:00,-124.59,4.18
CL 03-25,SIM101,Short,2,4995.99,4976.51,2025-07-17 14:24:00,2025-07-17 16:42:00,402.13,6.27
CL 03-25,SIM101,Long,1,5045.29,4948.94,2025-07-17 15:07:00,2025-07-17 18:07:00,-631.27,2.09
ES 03-25,SIM101,Long,3,4990.71,4998.3,2025-07-17 15:53:00,2025-07-17 17:52:00,-27.1,2.09
GC 03-25,SIM101,Long,1,4962.43,5021.05,2025-07-18 10:33:00,2025-07-18 13:11:00,464.74,6.27
ES 03-25,SIM101,Long,1,4960.59,4957.22,2025-07-18 15:33:00,2025-07-18 16:14:00,-251.41,6.27
ES 03-25,SIM101,Long,1,4983.99,4962.08,2025-07-18 15:40:00,2025-07-18 15:46:00,506.52,6.27
ES 03-25,SIM101,Short,1,5020.37,4950.04,2025-07-18 21:36:00,2025-07-18 21:47:00,-537.88,8.36
GC 03-25,SIM101,Short,1,4955.55,5023.05,2025-07-21 09:02:00,2025-07-21 12:58:00,-198.32,6.27
CL 03-25,SIM101,Short,3,4970.01,4950.63,2025-07-21 13:34:00,2025-07-21 13:54:00,355.46,2.09
CL 03-25,SIM101,Long,1,4972.28,5003.09,2025-07-21 15:15:00,2025-07-21 16:03:00,-452.7,2.09
CL 03-25,SIM101,Short,3,5017.8,4998.28,2025-07-21 15:22:00,2025-07-21 15:52:00,-163.99,4.18
ES 03-25,SIM101,Short,2,5010.86,4988.72,2025-07-22 09:41:00,2025-07-22 10:34:00,-15.34,4.18
GC 03-25,SIM101,Short,3,4953.33,5014.33,2025-07-22 11:13:00,2025-07-22 14:06:00,-123.64,6.27
NQ 03-25,SIM101,Long,3,4949.91,4999.0,2025-07-22 11:56:00,2025-07-22 15:33:00,254.91,4.18
NQ 03-25,SIM101,Long,3,4968.97,4947.14,2025-07-22 14:59:00,2025-07-22 16:53:00,206.8,6.27
ES 03-25,SIM101,Short,2,5010.62,4962.46,2025-07-23 10:48:00,2025-07-23 11:00:00,-68.35,2.09
ES 03-25,SIM101,Short,2,5049.56,5012.85,2025-07-23 13:04:00,2025-07-23 16:21:00,588.23,6.27
ES 03-25,SIM101,Long,3,5003.38,5068.65,2025-07-23 15:07:00,2025-07-23 15:47:00,410.92,2.09
CL 03-25,SIM101,Long,2,4970.66,5029.07,2025-07-23 19:48:00,2025-07-23 23:46:00,-88.6,8.36
ES 03-25,SIM101,Short,2,5082.72,5001.69,2025-07-24 09:29:00,2025-07-24 13:01:00,-87.12,4.18
GC 03-25,SIM101,Short,1,5030.63,5008.82,2025-07-24 14:00:00,2025-07-24 14:20:00,82.05,2.09
NQ 03-25,SIM101,Short,2,4902.82,4964.88,2025-07-24 19:31:00,2025-07-24 23:30:00,273.57,6.27
NQ 03-25,SIM101,Short,3,5025.04,5056.83,2025-07-24 19:56:00,2025-07-24 23:51:00,745.76,8.36
ES 03-25,SIM101,Long,1,5044.63,5044.62,2025-07-25 03:13:00,2025-07-25 05:22:00,151.49,4.18
GC 03-25,SIM101,Short,3,5041.44,4911.12,2025-07-25 07:52:00,2025-07-25 08:09:00,433.26,4.18
GC 03-25,SIM101,Short,2,4976.69,5027.79,2025-07-25 19:30:00,2025-07-25 22:52:00,-146.09,8.36
GC 03-25,SIM101,Short,1,4934.45,4928.5,2025-07-25 19:41:00,2025-07-25 21:12:00,-171.59,8.36
GC 03-25,SIM101,Short,2,5001.67,4998.04,2025-07-28 07:41:00,2025-07-28 10:45:00,199.51,8.36
NQ 03-25,SIM101,Long,3,5024.92,5049.23,2025-07-28 10:21:00,2025-07-28 12:23:00,273.12,8.36
NQ 03-25,SIM101,Long,3,5020.43,4967.92,2025-07-28 11:08:00,2025-07-28 12:00:00,-440.26,2.09
GC 03-25,SIM101,Short,1,5012.39,5003.09,2025-07-28 19:42:00,2025-07-28 20:31:00,-433.78,2.09
CL 03-25,SIM101,Long,1,4969.71,4991.02,2025-07-29 03:31:00,2025-07-29 05:30:00,-262.68,6.27
ES 03-25,SIM101,Long,1,5002.54,4868.61,2025-07-29 03:57:00,2025-07-29 07:41:00,172.43,6.27
CL 03-25,SIM101,Long,2,4996.37,5083.35,2025-07-29 09:56:00,2025-07-29 11:11:00,-142.95,6.27
CL 03-25,SIM101,Short,3,4977.92,5023.36,2025-07-29 14:57:00,2025-07-29 16:14:00,245.3,2.09
GC 03-25,SIM101,Short,3,5071.28,4895.87,2025-07-30 10:42:00,2025-07-30 14:16:00,-145.23,2.09
ES 03-25,SIM101,Short,1,4986.29,5059.05,2025-07-30 11:57:00,2025-07-30 11:59:00,46.65,6.27
GC 03-25,SIM101,Short,2,4987.03,4972.13,2025-07-30 13:40:00,2025-07-30 17:28:00,454.08,8.36
ES 03-25,SIM101,Long,1,5072.82,4977.22,2025-07-30 14:46:00,2025-07-30 18:27:00,-247.52,2.09
